model,degradation,severity,code,accuracy,retention_rate,confidence,confidence_drop,ce_loss,f1_macro
resnet50,clean,0,clean,98.54777070063693,1.0,0.9850695133209229,0.0,0.045190855860710144,98.54257366443724
resnet50,gaussian_blur,1,B1,97.42675159235668,0.9886246122026887,0.9696600437164307,0.015409469604492188,0.08728944510221481,97.41900115350995
resnet50,gaussian_blur,2,B2,92.12738853503186,0.9348500517063083,0.9296857118606567,0.05538380146026611,0.23413872718811035,92.13734039716796
resnet50,gaussian_blur,3,B3,84.35668789808916,0.8559979317476732,0.877648651599884,0.10742086172103882,0.5022523999214172,84.69117041764183
resnet50,gaussian_noise,1,N1,96.53503184713375,0.9795760082730094,0.9715084433555603,0.013561069965362549,0.1185324490070343,96.50984612664722
resnet50,gaussian_noise,2,N2,91.59235668789809,0.9294208893485006,0.9413150548934937,0.0437544584274292,0.28227052092552185,91.62387190244642
resnet50,gaussian_noise,3,N3,81.78343949044586,0.829886246122027,0.8913304805755615,0.09373903274536133,0.5944907665252686,81.9657086201734
resnet50,low_light,1,L1,98.03821656050955,0.9948293691830404,0.978700578212738,0.0063689351081848145,0.06306452304124832,98.02868973098266
resnet50,low_light,2,L2,96.48407643312102,0.9790589451913134,0.961251974105835,0.02381753921508789,0.11222412437200546,96.47817567070615
resnet50,low_light,3,L3,88.68789808917198,0.8999482936918306,0.870035707950592,0.11503380537033081,0.35836949944496155,88.84172304975664
resnet50,jpeg,1,J30,97.57961783439491,0.9901758014477768,0.9743010997772217,0.010768413543701172,0.07607798278331757,97.56660974974372
resnet50,jpeg,2,J15,95.31210191082803,0.9671664943123063,0.9570222496986389,0.028047263622283936,0.1488208919763565,95.30860132855506
resnet50,jpeg,3,J7,83.87261146496814,0.8510858324715616,0.8572123050689697,0.12785720825195312,0.5142275094985962,84.1269884585727
resnet50,pixelate,1,D2,95.87261146496814,0.9728541882109618,0.9613631963729858,0.02370631694793701,0.12303824722766876,95.89170108898998
resnet50,pixelate,2,D3,79.18471337579618,0.8035160289555326,0.8321743011474609,0.15289521217346191,0.6529006958007812,79.45096520853767
resnet50,pixelate,3,D4,68.20382165605096,0.6920889348500519,0.7631261348724365,0.22194337844848633,1.0023390054702759,68.96580597728055
convnext_tiny,clean,0,clean,99.69426751592356,1.0,0.9927190542221069,0.0,0.01471844594925642,99.69276550070829
convnext_tiny,gaussian_blur,1,B1,98.98089171974522,0.9928443649373883,0.9876219034194946,0.005097150802612305,0.031409598886966705,98.98502226024581
convnext_tiny,gaussian_blur,2,B2,96.3312101910828,0.9662662918476873,0.963758647441864,0.02896040678024292,0.1144067719578743,96.32032412436766
convnext_tiny,gaussian_blur,3,B3,90.2420382165605,0.9051878354203936,0.9198929071426392,0.07282614707946777,0.31759190559387207,90.18619928182756
convnext_tiny,gaussian_noise,1,N1,99.38853503184714,0.9969332992588809,0.9882586002349854,0.004460453987121582,0.023680035024881363,99.38887120759222
convnext_tiny,gaussian_noise,2,N2,98.0127388535032,0.9831331459238438,0.9788378477096558,0.013881206512451172,0.06005549058318138,98.00476060052085
convnext_tiny,gaussian_noise,3,N3,95.84713375796179,0.961410682340915,0.9658071398735046,0.026911914348602295,0.1169121265411377,95.83300023647429
convnext_tiny,low_light,1,L1,99.31210191082802,0.9961666240736009,0.9904791116714478,0.0022399425506591797,0.02086099609732628,99.30319999940329
convnext_tiny,low_light,2,L2,98.95541401273886,0.9925888065422951,0.9862831830978394,0.006435871124267578,0.034535668790340424,98.94717221213163
convnext_tiny,low_light,3,L3,96.5859872611465,0.9688218757986201,0.96431964635849,0.028399407863616943,0.11258865892887115,96.58588877612111
convnext_tiny,jpeg,1,J30,98.80254777070063,0.9910554561717353,0.9853709936141968,0.007348060607910156,0.03609928861260414,98.80236820677665
convnext_tiny,jpeg,2,J15,97.96178343949045,0.9826220291336571,0.9773193001747131,0.015399754047393799,0.06503739953041077,97.95614025919252
convnext_tiny,jpeg,3,J7,93.35031847133757,0.9363659596217736,0.9393658638000488,0.053353190422058105,0.2054578959941864,93.32737914167983
convnext_tiny,pixelate,1,D2,91.64331210191082,0.9192435471505239,0.9326491355895996,0.060069918632507324,0.2676023244857788,91.77131798986714
convnext_tiny,pixelate,2,D3,74.26751592356688,0.7449527216969077,0.8257963061332703,0.16692274808883667,0.8517127633094788,74.74523654503851
convnext_tiny,pixelate,3,D4,31.821656050955415,0.3191924354715053,0.6498185992240906,0.34290045499801636,2.3162620067596436,28.513749893072323
deit_small,clean,0,clean,99.21019108280255,1.0,0.9915952086448669,0.0,0.026003587990999222,99.21269101739124
deit_small,gaussian_blur,1,B1,98.72611464968153,0.995120698510529,0.9867731332778931,0.004822075366973877,0.0419500358402729,98.72621013683288
deit_small,gaussian_blur,2,B2,95.59235668789809,0.9635336414997432,0.9565377235412598,0.03505748510360718,0.14438825845718384,95.60805765731173
deit_small,gaussian_blur,3,B3,88.15286624203821,0.8885464817668207,0.9018471837043762,0.08974802494049072,0.3855661451816559,88.27161700463137
deit_small,gaussian_noise,1,N1,99.18471337579618,0.9997431946584489,0.9909276962280273,0.0006675124168395996,0.030826669186353683,99.1834947691194
deit_small,gaussian_noise,2,N2,98.67515923566879,0.9946070878274267,0.988029420375824,0.0035657882690429688,0.04700057581067085,98.67071061994224
deit_small,gaussian_noise,3,N3,98.42038216560509,0.9920390344119157,0.9832956790924072,0.008299529552459717,0.05749468877911568,98.41763150725947
deit_small,low_light,1,L1,99.10828025477707,0.9989727786337955,0.9903076887130737,0.0012875199317932129,0.03474932163953781,99.10525965186963
deit_small,low_light,2,L2,98.31847133757961,0.9910118130457112,0.9848852157592773,0.0067099928855896,0.05725711211562157,98.3127822717911
deit_small,low_light,3,L3,93.78343949044586,0.9453004622496147,0.9555684328079224,0.03602677583694458,0.21164917945861816,93.7970457275354
deit_small,jpeg,1,J30,98.59872611464968,0.9938366718027735,0.9875839948654175,0.004011213779449463,0.045506153255701065,98.59464740567596
deit_small,jpeg,2,J15,97.78343949044586,0.9856189008731381,0.97980135679245,0.011793851852416992,0.07221782207489014,97.77706885353604
deit_small,jpeg,3,J7,94.64968152866243,0.9540318438623524,0.9553189873695374,0.03627622127532959,0.17547011375427246,94.64332432244922
deit_small,pixelate,1,D2,98.62420382165605,0.9940934771443246,0.9870225191116333,0.004572689533233643,0.05205998569726944,98.62230153904325
deit_small,pixelate,2,D3,90.4968152866242,0.9121725731895223,0.9376236796379089,0.05397152900695801,0.32899999618530273,90.66511097661385
deit_small,pixelate,3,D4,72.28025477707007,0.7285567539804828,0.8443271517753601,0.14726805686950684,0.9394523501396179,71.31180437029704
swin_tiny,clean,0,clean,99.46496815286623,1.0,0.9953564405441284,0.0,0.016950415447354317,99.46229057240657
swin_tiny,gaussian_blur,1,B1,98.87898089171975,0.9941086065573772,0.9880717396736145,0.007284700870513916,0.03565122187137604,98.88040945176918
swin_tiny,gaussian_blur,2,B2,95.84713375796179,0.9636270491803279,0.9667409062385559,0.02861553430557251,0.1222933828830719,95.84341076878937
swin_tiny,gaussian_blur,3,B3,87.84713375796179,0.8831967213114755,0.9199920892715454,0.07536435127258301,0.4173395037651062,87.97909424778847
swin_tiny,gaussian_noise,1,N1,99.13375796178345,0.9966700819672133,0.9918486475944519,0.0035077929496765137,0.028056111186742783,99.13391148275828
swin_tiny,gaussian_noise,2,N2,98.08917197452229,0.9861680327868853,0.9848079085350037,0.010548532009124756,0.051377277821302414,98.08022641625364
swin_tiny,gaussian_noise,3,N3,96.56050955414013,0.9707991803278689,0.97386234998703,0.02149409055709839,0.10796145349740982,96.553359809939
swin_tiny,low_light,1,L1,99.46496815286623,1.0,0.993101179599762,0.002255260944366455,0.021740667521953583,99.46421839949878
swin_tiny,low_light,2,L2,98.92993630573248,0.9946209016393444,0.9891070127487183,0.006249427795410156,0.03445081412792206,98.92319154157958
swin_tiny,low_light,3,L3,96.63694267515923,0.9715676229508198,0.969622015953064,0.025734424591064453,0.1039046198129654,96.61769023109635
swin_tiny,jpeg,1,J30,98.34394904458598,0.9887295081967213,0.9862086772918701,0.0091477632522583,0.05028806999325752,98.33861275371359
swin_tiny,jpeg,2,J15,97.14649681528662,0.9766905737704918,0.9740034937858582,0.021352946758270264,0.08716808259487152,97.13107869500075
swin_tiny,jpeg,3,J7,85.47770700636943,0.8593750000000001,0.9112750291824341,0.08408141136169434,0.4848862290382385,85.55784696125241
swin_tiny,pixelate,1,D2,86.19108280254777,0.866547131147541,0.8855971097946167,0.10975933074951172,0.4461060166358948,86.40112008366057
swin_tiny,pixelate,2,D3,83.69426751592357,0.8414446721311476,0.883047878742218,0.1123085618019104,0.5345914363861084,84.13462751973803
swin_tiny,pixelate,3,D4,15.235668789808917,0.15317622950819673,0.661598801612854,0.3337576389312744,3.3452019691467285,5.196176857958566
