Degradation,Model,Clean,Level 1,Level 2,Level 3,Mean
Gaussian blur (B1-B3),ResNet-50,98.54777070063692,97.42675159235668,92.12738853503186,84.35668789808916,91.3036093418259
Gaussian blur (B1-B3),ConvNeXt-T,99.69426751592356,98.98089171974522,96.3312101910828,90.2420382165605,95.18471337579616
Gaussian blur (B1-B3),DeiT-S,99.21019108280257,98.72611464968152,95.59235668789808,88.15286624203821,94.15711252653927
Gaussian blur (B1-B3),Swin-T,99.46496815286623,98.87898089171976,95.8471337579618,87.84713375796179,94.19108280254778
Gaussian noise (N1-N3),ResNet-50,98.54777070063692,96.53503184713377,91.59235668789808,81.78343949044586,89.97027600849258
Gaussian noise (N1-N3),ConvNeXt-T,99.69426751592356,99.38853503184714,98.0127388535032,95.8471337579618,97.74946921443738
Gaussian noise (N1-N3),DeiT-S,99.21019108280257,99.18471337579618,98.6751592356688,98.42038216560508,98.76008492569002
Gaussian noise (N1-N3),Swin-T,99.46496815286623,99.13375796178345,98.08917197452227,96.56050955414013,97.92781316348196
Low light (L1-L3),ResNet-50,98.54777070063692,98.03821656050955,96.48407643312102,88.68789808917198,94.40339702760086
Low light (L1-L3),ConvNeXt-T,99.69426751592356,99.31210191082802,98.95541401273886,96.5859872611465,98.28450106157112
Low light (L1-L3),DeiT-S,99.21019108280257,99.10828025477709,98.3184713375796,93.78343949044586,97.07006369426752
Low light (L1-L3),Swin-T,99.46496815286623,99.46496815286623,98.92993630573248,96.63694267515925,98.343949044586
JPEG compression (J30-J7),ResNet-50,98.54777070063692,97.57961783439492,95.31210191082803,83.87261146496814,92.25477707006371
JPEG compression (J30-J7),ConvNeXt-T,99.69426751592356,98.80254777070064,97.96178343949045,93.35031847133756,96.70488322717621
JPEG compression (J30-J7),DeiT-S,99.21019108280257,98.59872611464968,97.78343949044586,94.64968152866244,97.01061571125267
JPEG compression (J30-J7),Swin-T,99.46496815286623,98.34394904458598,97.14649681528662,85.47770700636943,93.656050955414
Pixel binning (D2-D4),ResNet-50,98.54777070063692,95.87261146496814,79.18471337579618,68.20382165605096,81.08704883227176
Pixel binning (D2-D4),ConvNeXt-T,99.69426751592356,91.64331210191082,74.26751592356688,31.82165605095541,65.91082802547771
Pixel binning (D2-D4),DeiT-S,99.21019108280257,98.62420382165604,90.4968152866242,72.28025477707007,87.13375796178343
Pixel binning (D2-D4),Swin-T,99.46496815286623,86.19108280254777,83.69426751592357,15.235668789808916,61.70700636942676
