Class,ResNet-50,ConvNeXt-T,DeiT-S,Swin-T
tench,99.48320413436691,100.0,99.87063389391979,99.87096774193547
english springer,99.62073324905182,100.0,99.61977186311786,100.0
cassette player,97.61570827489481,99.57924263674614,99.29478138222849,99.15966386554622
chain saw,97.52925877763329,99.21875,98.20051413881748,98.96373056994818
church,99.01960784313727,99.87789987789988,99.39098660170524,99.50980392156863
french horn,98.49246231155779,99.61977186311786,98.8621997471555,99.11949685534591
garbage truck,98.58793324775354,99.74293059125964,99.35649935649936,99.61389961389962
gas pump,97.23889555822329,99.52380952380952,98.68263473053892,99.28400954653938
golf ball,99.25,99.74937343358395,99.87452948557089,99.87452948557089
parachute,98.58793324775354,99.61587708066581,98.97435897435898,99.22680412371135
